test,group_1,group_2,test_statistic,p_value
Log-rank test,1,2,0.008227343202350305,0.9277272333400758
