feature,importance
karno,0.1168695652173913
age,0.010608695652173905
celltype,0.007999999999999985
diagtime,0.006956521739130394
prior,0.0066086956521739125
trt,-0.005739130434782613
